[
  {
    "id": "7d581591-87b1-445b-b321-d5f959d4e82b",
    "data": [
      {
        "text": "cancel order",
        "userDefined": false
      }
    ],
    "isTemplate": false,
    "count": 0,
    "lang": "en",
    "updated": 0
  },
  {
    "id": "385cd4e6-140e-4b70-a288-92b548066213",
    "data": [
      {
        "text": "I would like to cancel the order",
        "userDefined": false
      }
    ],
    "isTemplate": false,
    "count": 0,
    "lang": "en",
    "updated": 0
  },
  {
    "id": "d0ab3b8f-441a-4bbd-89ed-e5aaa5b288c4",
    "data": [
      {
        "text": "I need to cancel",
        "userDefined": false
      }
    ],
    "isTemplate": false,
    "count": 0,
    "lang": "en",
    "updated": 0
  },
  {
    "id": "41980f38-eebe-4e29-84d3-241cf6b7cd85",
    "data": [
      {
        "text": "Canel",
        "userDefined": false
      }
    ],
    "isTemplate": false,
    "count": 0,
    "lang": "en",
    "updated": 0
  }
]