[
  {
    "id": "99e8b7aa-5bb2-4e16-8db9-9e3b2198afb5",
    "data": [
      {
        "text": "a.sandeepika@outlook.com",
        "meta": "@sys.email",
        "alias": "Email",
        "userDefined": true
      }
    ],
    "isTemplate": false,
    "count": 0,
    "lang": "en",
    "updated": 0
  },
  {
    "id": "7cc6ea2e-f07b-4025-bad0-0c0faaa41da1",
    "data": [
      {
        "text": "amarezz93sl@gmail.com",
        "meta": "@sys.email",
        "alias": "Email",
        "userDefined": true
      }
    ],
    "isTemplate": false,
    "count": 0,
    "lang": "en",
    "updated": 0
  },
  {
    "id": "c403fbee-262b-47be-b6d8-c002625caf41",
    "data": [
      {
        "text": "anjaliweerasekara93@gmail.com",
        "meta": "@sys.email",
        "alias": "Email",
        "userDefined": true
      }
    ],
    "isTemplate": false,
    "count": 0,
    "lang": "en",
    "updated": 0
  }
]