[
  {
    "id": "7f73b778-4df3-408b-a97c-77b4f442f45b",
    "data": [
      {
        "text": "P20996",
        "meta": "@ProductID",
        "alias": "ProductID",
        "userDefined": false
      }
    ],
    "isTemplate": false,
    "count": 0,
    "lang": "en",
    "updated": 0
  },
  {
    "id": "720e0390-949e-484f-bc14-a4a87863d5e4",
    "data": [
      {
        "text": "P20054",
        "meta": "@ProductID",
        "alias": "ProductID",
        "userDefined": false
      }
    ],
    "isTemplate": false,
    "count": 0,
    "lang": "en",
    "updated": 0
  },
  {
    "id": "144bb57c-754d-40c8-8140-464950dccd0c",
    "data": [
      {
        "text": "P13082",
        "meta": "@ProductID",
        "alias": "ProductID",
        "userDefined": false
      }
    ],
    "isTemplate": false,
    "count": 0,
    "lang": "en",
    "updated": 0
  },
  {
    "id": "37297472-7a0b-429c-b4be-2155765a0ef5",
    "data": [
      {
        "text": "P15336",
        "meta": "@ProductID",
        "alias": "ProductID",
        "userDefined": false
      }
    ],
    "isTemplate": false,
    "count": 0,
    "lang": "en",
    "updated": 0
  }
]