[
  {
    "id": "8e4cd040-a75b-4144-9d23-9204d9cc12f3",
    "data": [
      {
        "text": "10",
        "meta": "@sys.number",
        "alias": "NuOfPack",
        "userDefined": false
      }
    ],
    "isTemplate": false,
    "count": 0,
    "lang": "en",
    "updated": 0
  },
  {
    "id": "3a038301-36f4-4da2-9587-50a35dfa2088",
    "data": [
      {
        "text": "9",
        "meta": "@sys.number",
        "alias": "NuOfPack",
        "userDefined": false
      }
    ],
    "isTemplate": false,
    "count": 0,
    "lang": "en",
    "updated": 0
  },
  {
    "id": "6e3cbc75-3682-4dcc-b6ab-4cb3eeedf808",
    "data": [
      {
        "text": "8",
        "meta": "@sys.number",
        "alias": "NuOfPack",
        "userDefined": false
      }
    ],
    "isTemplate": false,
    "count": 0,
    "lang": "en",
    "updated": 0
  },
  {
    "id": "897e1996-f3df-4244-9e0a-bd868d2ff6d5",
    "data": [
      {
        "text": "7",
        "meta": "@sys.number",
        "alias": "NuOfPack",
        "userDefined": false
      }
    ],
    "isTemplate": false,
    "count": 0,
    "lang": "en",
    "updated": 0
  },
  {
    "id": "f3f87e77-8139-425c-96ba-8b93d207ca44",
    "data": [
      {
        "text": "6",
        "meta": "@sys.number",
        "alias": "NuOfPack",
        "userDefined": false
      }
    ],
    "isTemplate": false,
    "count": 0,
    "lang": "en",
    "updated": 0
  },
  {
    "id": "e5aca3ff-3df0-4ef6-aff8-fe7b4859c0b1",
    "data": [
      {
        "text": "5",
        "meta": "@sys.number",
        "alias": "NuOfPack",
        "userDefined": false
      }
    ],
    "isTemplate": false,
    "count": 0,
    "lang": "en",
    "updated": 0
  },
  {
    "id": "f506c57e-d00f-4956-8785-7dd97726286b",
    "data": [
      {
        "text": "4",
        "meta": "@sys.number",
        "alias": "NuOfPack",
        "userDefined": false
      }
    ],
    "isTemplate": false,
    "count": 0,
    "lang": "en",
    "updated": 0
  },
  {
    "id": "aecca160-5eb8-4c37-87c3-e7a76de165ad",
    "data": [
      {
        "text": "3",
        "meta": "@sys.number",
        "alias": "NuOfPack",
        "userDefined": false
      }
    ],
    "isTemplate": false,
    "count": 0,
    "lang": "en",
    "updated": 0
  },
  {
    "id": "2daa4ee0-7f95-4030-8c32-faedbbb5325c",
    "data": [
      {
        "text": "2",
        "meta": "@sys.number",
        "alias": "NuOfPack",
        "userDefined": false
      }
    ],
    "isTemplate": false,
    "count": 0,
    "lang": "en",
    "updated": 0
  },
  {
    "id": "b3c53413-048e-4925-8848-0cde07dfbc80",
    "data": [
      {
        "text": "1",
        "meta": "@sys.number",
        "alias": "NuOfPack",
        "userDefined": false
      }
    ],
    "isTemplate": false,
    "count": 0,
    "lang": "en",
    "updated": 0
  }
]