[
  {
    "id": "389a1e82-6ac6-43f4-8085-8f27d534fc86",
    "data": [
      {
        "text": "Amoxicillin",
        "meta": "@GenericName",
        "alias": "GenericName",
        "userDefined": true
      }
    ],
    "isTemplate": false,
    "count": 0,
    "lang": "en",
    "updated": 0
  },
  {
    "id": "1cd03f31-026a-403d-b87a-f439ab7aa063",
    "data": [
      {
        "text": "Acrivastine",
        "meta": "@GenericName",
        "alias": "GenericName",
        "userDefined": false
      }
    ],
    "isTemplate": false,
    "count": 0,
    "lang": "en",
    "updated": 0
  },
  {
    "id": "205e79f3-66b3-4870-8043-6da69b7d0fb8",
    "data": [
      {
        "text": "Cetirizine",
        "meta": "@GenericName",
        "alias": "GenericName",
        "userDefined": true
      }
    ],
    "isTemplate": false,
    "count": 0,
    "lang": "en",
    "updated": 0
  },
  {
    "id": "71aa55d3-ebce-4de6-ae66-e44f6fb9f180",
    "data": [
      {
        "text": "Chlorphenamine Maleate",
        "meta": "@GenericName",
        "alias": "GenericName",
        "userDefined": true
      }
    ],
    "isTemplate": false,
    "count": 0,
    "lang": "en",
    "updated": 0
  }
]