[
  {
    "id": "dec608eb-37fe-49b4-a01d-1491dd0a9fa6",
    "data": [
      {
        "text": "P20996",
        "meta": "@ProductID",
        "alias": "ProductID",
        "userDefined": false
      }
    ],
    "isTemplate": false,
    "count": 0,
    "lang": "en",
    "updated": 0
  },
  {
    "id": "75528c26-444c-4a9b-9765-4af21a5b05ce",
    "data": [
      {
        "text": "P20054",
        "meta": "@ProductID",
        "alias": "ProductID",
        "userDefined": false
      }
    ],
    "isTemplate": false,
    "count": 0,
    "lang": "en",
    "updated": 0
  },
  {
    "id": "6a26c630-ad3f-4dbf-9280-55a79c67afd2",
    "data": [
      {
        "text": "P13082",
        "meta": "@ProductID",
        "alias": "ProductID",
        "userDefined": false
      }
    ],
    "isTemplate": false,
    "count": 0,
    "lang": "en",
    "updated": 0
  },
  {
    "id": "bf106f7d-096d-4883-aeae-7d8954a39160",
    "data": [
      {
        "text": "P15336",
        "meta": "@ProductID",
        "alias": "ProductID",
        "userDefined": false
      }
    ],
    "isTemplate": false,
    "count": 0,
    "lang": "en",
    "updated": 0
  }
]